{
    "MISO": {
        "breakpoints": [
            61.75,
            84.75815628679943,
            94.8
        ],
        "slopes": [
            0.20476356677960358,
            1.160147605900654
        ],
        "intercepts": [
            13.613592432541417,
            -67.36299726919428
        ]
    },
    "NYISO": {
        "breakpoints": [
            13.82,
            22.7271955344557,
            24.465
        ],
        "slopes": [
            1.9415870558721602,
            41.24623093226294
        ],
        "intercepts": [
            -5.464713033528735,
            -898.7490398244088
        ]
    },
    "ERCOT": {
        "breakpoints": [
            41.468333333333334,
            57.5632076627533,
            68.05000000000001
        ],
        "slopes": [
            0.4287538342413994,
            4.928144606501426
        ],
        "intercepts": [
            6.791330288164964,
            -252.20803509131488
        ]
    },
    "PJM": {
        "breakpoints": [
            72.66,
            96.27758417069512,
            117.0
        ],
        "slopes": [
            0.026518894487403903,
            1.0899360708016133
        ],
        "intercepts": [
            26.183657906492765,
            -76.19957879466146
        ]
    },
    "CAISO": {
        "breakpoints": [
            21.3425,
            24.61843388178207,
            33.59666666666667
        ],
        "slopes": [
            1.0489069838194256,
            5.1477433647780355
        ],
        "intercepts": [
            5.628791823755563,
            -95.27814061311688
        ]
    },
    "ISONE": {
        "breakpoints": [
            10.527142857142858,
            17.800462062768563,
            18.276666666666667
        ],
        "slopes": [
            3.901421286849353,
            69.48394133638844
        ],
        "intercepts": [
            -17.955674368813533,
            -1185.3548344913927
        ]
    },
    "SPP": {
        "breakpoints": [
            25.593333333333334,
            37.96749999858881,
            42.02
        ],
        "slopes": [
            1.1363300376406225,
            2.4286183988348657
        ],
        "intercepts": [
            -9.09440223640366,
            -58.15936058822243
        ]
    }
}