{
    "NYISO": {
        "breakpoints": [
            13.967142857142857,
            23.336164613692958,
            24.545
        ],
        "slopes": [
            0.8850819254811659,
            29.770700425876235
        ],
        "intercepts": [
            16.20270629741005,
            -657.876841996144
        ]
    },
    "MISO": {
        "breakpoints": [
            64.80375000000001,
            90.4200796414646,
            97.63
        ],
        "slopes": [
            0.29885791911711956,
            0.5370420280685538
        ],
        "intercepts": [
            1.94897067684024,
            -19.587655423879728
        ]
    },
    "CAISO": {
        "breakpoints": [
            22.956666666666667,
            28.965082492767383,
            36.75
        ],
        "slopes": [
            0.3454612770719142,
            4.498186824931837
        ],
        "intercepts": [
            20.72879461884316,
            -99.55524344474213
        ]
    },
    "PJM": {
        "breakpoints": [
            73.44625,
            117.70901205609496,
            125.0
        ],
        "slopes": [
            0.3784548212258042,
            4.122834598098731
        ],
        "intercepts": [
            -4.457080511136809,
            -445.2043248096703
        ]
    },
    "ERCOT": {
        "breakpoints": [
            46.0375,
            52.461999996421795,
            70.024
        ],
        "slopes": [
            1.770725470815988,
            0.45664967130121176
        ],
        "intercepts": [
            -69.47557425976817,
            -0.5365296703260043
        ]
    },
    "ISONE": {
        "breakpoints": [
            10.073,
            17.50672528758761,
            20.45
        ],
        "slopes": [
            1.8895234923841442,
            30.379886903325293
        ],
        "intercepts": [
            8.737508796280146,
            -490.03545678260406
        ]
    },
    "SPP": {
        "breakpoints": [
            28.53142857142857,
            37.82455293550896,
            44.77333333333333
        ],
        "slopes": [
            0.26874538877019266,
            1.8701136491652268
        ],
        "intercepts": [
            18.57201452343181,
            -41.99902401112405
        ]
    }
}