{
  "rtos": [
    "CAISO",
    "ERCOT",
    "ISONE",
    "MISO",
    "NYISO",
    "PJM",
    "SPP"
  ],
  "months": [
    "Jan",
    "Feb",
    "Mar",
    "Apr",
    "May",
    "Jun",
    "Jul",
    "Aug",
    "Sep",
    "Oct",
    "Nov",
    "Dec"
  ],
  "absolute_changes": {
    "CAISO": [
      -0.42192512802787974,
      -0.05310663510870839,
      0.025743541711463536,
      0.2829916407448856,
      0.3538667174626937,
      1.5924541225163082,
      1.8334209175340384,
      2.412323003344465,
      1.961942456314727,
      1.05191394029152,
      0.07308665845505402,
      -0.2798638105668516
    ],
    "ERCOT": [
      -1.8680444261335438,
      -0.34040284539523213,
      0.08769254724244036,
      0.41839881292553116,
      1.7284289367798706,
      2.580157834796317,
      2.671936556118588,
      3.4208319964869602,
      2.5666013910809724,
      1.781398165920102,
      -0.17717183766142597,
      -1.2699854205373526
    ],
    "ISONE": [
      -0.6397022177238636,
      -0.6746915777284865,
      -0.41996427350314214,
      -0.185328151502004,
      0.27526371384954196,
      0.47442948043737054,
      1.1647429128288938,
      1.1027127249173603,
      0.5963879920860204,
      -0.040925250094083765,
      -0.10587058507812053,
      -0.8296817197830091
    ],
    "MISO": [
      -1.8044967324476744,
      -1.5921350099027762,
      -2.2066211057871925,
      -0.3000560839205235,
      1.428088970367952,
      3.342471579199781,
      2.698842825087354,
      2.4955230170723866,
      3.1585620493390962,
      0.4064331274934716,
      -0.9506473351440121,
      -2.546734772931501
    ],
    "NYISO": [
      -0.5895945635892659,
      -0.6701113065638857,
      -0.48286857460897536,
      -0.17799563802052276,
      0.32724117548626985,
      0.5558714235840831,
      1.48371302482958,
      1.1803067258748818,
      0.6889019167006438,
      0.03312672827415852,
      -0.1612549496789626,
      -0.7940060690091322
    ],
    "PJM": [
      -3.0219886082968657,
      -4.064484370759047,
      -3.461669538007314,
      -1.0301517098453985,
      2.0698396473590748,
      3.357733655259551,
      5.924743761127246,
      4.494130316250221,
      3.5761695526452257,
      -0.10624830042860367,
      -1.6104574536773555,
      -4.633332444493064
    ],
    "SPP": [
      -1.0557705762096248,
      -0.5636725188818517,
      -1.064868717957431,
      -0.05809914484241219,
      0.3640876471685637,
      1.810034565272396,
      0.6853215192543587,
      0.43931875744948456,
      1.3592342347622122,
      0.2580083557283537,
      -0.520670118522979,
      -1.1521386244757572
    ]
  },
  "percent_changes": {
    "CAISO": [
      -1.9,
      -0.2,
      0.1,
      1.3,
      1.5,
      6.4,
      6.8,
      9.0,
      7.6,
      4.5,
      0.3,
      -1.2
    ],
    "ERCOT": [
      -3.9,
      -0.7,
      0.2,
      0.9,
      3.6,
      4.8,
      4.6,
      6.0,
      5.0,
      3.9,
      -0.4,
      -2.8
    ],
    "ISONE": [
      -4.3,
      -4.6,
      -3.2,
      -1.6,
      2.5,
      3.8,
      8.2,
      8.1,
      5.0,
      -0.4,
      -0.9,
      -5.9
    ],
    "MISO": [
      -2.3,
      -2.1,
      -3.1,
      -0.4,
      2.0,
      4.3,
      3.3,
      3.1,
      4.4,
      0.6,
      -1.3,
      -3.4
    ],
    "NYISO": [
      -3.2,
      -3.7,
      -2.8,
      -1.2,
      2.1,
      3.2,
      7.6,
      6.3,
      4.2,
      0.2,
      -1.0,
      -4.5
    ],
    "PJM": [
      -3.0,
      -4.1,
      -3.8,
      -1.3,
      2.6,
      3.7,
      6.0,
      4.7,
      4.2,
      -0.1,
      -1.9,
      -4.8
    ],
    "SPP": [
      -3.2,
      -1.8,
      -3.5,
      -0.2,
      1.2,
      5.4,
      1.9,
      1.2,
      4.4,
      0.9,
      -1.7,
      -3.6
    ]
  },
  "baseline": {
    "CAISO": [
      22.75008013983986,
      22.400777479785965,
      22.291042376670706,
      22.315647259377954,
      22.906226935459355,
      24.68988905650849,
      26.898409766778947,
      26.69423458120035,
      25.739285140639204,
      23.34277322204527,
      22.249129895318834,
      22.620719562539154
    ],
    "ERCOT": [
      47.86277051456789,
      45.64968210887905,
      43.734667749129116,
      44.622933707166794,
      48.17528022911987,
      54.08283898656699,
      57.552767865151644,
      56.96701144498854,
      51.27355920172726,
      45.16071580145576,
      44.02101881877514,
      45.78476639319128
    ],
    "ISONE": [
      14.769055236975895,
      14.602182649937935,
      13.23302006523616,
      11.61675452028353,
      11.19412514505999,
      12.481509990685627,
      14.129272230896008,
      13.55670085447586,
      11.86522453211048,
      11.215628627059159,
      12.139864035645184,
      14.046589849241194
    ],
    "MISO": [
      77.9443652866661,
      76.50085778759754,
      72.2388536125848,
      68.05997671549353,
      69.74632994943745,
      77.34292057523956,
      82.84994874749549,
      80.12243099362895,
      72.27267190610515,
      68.05811315350606,
      71.07618722478405,
      75.88363532934318
    ],
    "NYISO": [
      18.49160936685146,
      18.333663625778577,
      17.06196807185266,
      15.43936203383723,
      15.273819091303503,
      17.216235847086182,
      19.405674848475538,
      18.709315101561696,
      16.414496594722344,
      15.139078969877072,
      15.968994402391127,
      17.75328514687086
    ],
    "PJM": [
      99.79271023340303,
      98.1899149844961,
      90.57853965467756,
      81.56228382870749,
      81.00967257229462,
      90.78433240533936,
      99.24830234042837,
      95.47905676705709,
      85.21425197867818,
      80.14600022930674,
      86.83991872128809,
      96.40194672003993
    ],
    "SPP": [
      33.453102828147316,
      32.197321998489514,
      30.173161001277087,
      28.547886738710336,
      29.646466872837536,
      33.51301479690498,
      36.86444708217927,
      35.589466640191766,
      31.102842967757724,
      28.658474281491547,
      29.960741350040983,
      32.27176585193978
    ]
  },
  "current": {
    "CAISO": [
      22.32815501181198,
      22.347670844677257,
      22.31678591838217,
      22.59863890012284,
      23.26009365292205,
      26.2823431790248,
      28.731830684312985,
      29.106557584544817,
      27.70122759695393,
      24.39468716233679,
      22.322216553773888,
      22.340855751972303
    ],
    "ERCOT": [
      45.99472608843435,
      45.309279263483816,
      43.822360296371556,
      45.041332520092325,
      49.90370916589974,
      56.66299682136331,
      60.22470442127023,
      60.3878434414755,
      53.84016059280823,
      46.94211396737586,
      43.843846981113714,
      44.51478097265393
    ],
    "ISONE": [
      14.129353019252031,
      13.927491072209449,
      12.813055791733017,
      11.431426368781526,
      11.469388858909532,
      12.955939471122997,
      15.294015143724902,
      14.65941357939322,
      12.4616125241965,
      11.174703376965075,
      12.033993450567063,
      13.216908129458185
    ],
    "MISO": [
      76.13986855421842,
      74.90872277769476,
      70.03223250679761,
      67.75992063157301,
      71.1744189198054,
      80.68539215443934,
      85.54879157258284,
      82.61795401070134,
      75.43123395544424,
      68.46454628099953,
      70.12553988964004,
      73.33690055641168
    ],
    "NYISO": [
      17.902014803262194,
      17.66355231921469,
      16.579099497243686,
      15.261366395816708,
      15.601060266789773,
      17.772107270670265,
      20.889387873305118,
      19.889621827436578,
      17.103398511422988,
      15.172205698151231,
      15.807739452712164,
      16.959279077861726
    ],