{
  "rtos": [
    "CAISO",
    "ERCOT",
    "ISONE",
    "MISO",
    "NYISO",
    "PJM",
    "SPP"
  ],
  "months": [
    "Jan",
    "Feb",
    "Mar",
    "Apr",
    "May",
    "Jun",
    "Jul",
    "Aug",
    "Sep",
    "Oct",
    "Nov",
    "Dec"
  ],
  "absolute_changes": {
    "CAISO": [
      -0.24736348786788653,
      -0.10982506125299096,
      -0.005941451048126822,
      0.2290540465117168,
      0.3545039999629118,
      1.658849161344584,
      1.7714385429989683,
      2.2797869618740627,
      1.7636500097788819,
      1.0931309941959135,
      0.04806015670596153,
      -0.1771976206909187
    ],
    "ERCOT": [
      -1.6139224329534585,
      -0.5220012347539651,
      -0.01638100634318107,
      0.44186071435212426,
      1.861071791748813,
      2.619904831445055,
      2.5564474668007335,
      3.269500513031339,
      2.6986498775799177,
      1.95397462267875,
      -0.24900592869037297,
      -1.3192890173538743
    ],
    "ISONE": [
      -0.5266202244260398,
      -0.5547441134385274,
      -0.35993187001820104,
      -0.18919188096613482,
      0.24083448789556883,
      0.5037391588975648,
      1.3526318585892163,
      1.2391703734898005,
      0.5711138246292418,
      -0.08238401705153109,
      -0.10168045884024757,
      -0.6730076840026289
    ],
    "MISO": [
      -1.7777598724048715,
      -1.592497538257561,
      -2.2205843934538336,
      -0.3011352170646546,
      1.4332779099104442,
      3.339422322177768,
      2.6898092233800526,
      2.489881899401894,
      3.1660450690697957,
      0.41030195526332136,
      -0.9545816138861625,
      -2.544693205181389
    ],
    "NYISO": [
      -0.6067902000559506,
      -0.663943979608451,
      -0.45090353512144077,
      -0.17382884288817735,
      0.3119240310087896,
      0.5600447243583595,
      1.5645715039334398,
      1.2300420683581983,
      0.6731416339239757,
      0.01655447759845252,
      -0.15214952424977035,
      -0.7589925722949289
    ],
    "PJM": [
      -1.8664513640759282,
      -3.0531046951201546,
      -3.2342786434380173,
      -1.1742332157610065,
      2.246583837762344,
      3.371932684450414,
      5.401868845922664,
      4.2852783207043785,
      3.789206606565216,
      -0.14180475880866084,
      -1.4741021734468092,
      -3.288222795887478
    ],
    "SPP": [
      -0.9774720101975944,
      -0.5814770769146378,
      -1.0996811681041123,
      -0.05994187681605467,
      0.3724124407702867,
      1.8096826434426134,
      0.6833649372797908,
      0.4358641554836922,
      1.3845542198192433,
      0.27002571453030555,
      -0.5337951703870232,
      -1.1395129702550904
    ]
  },
  "percent_changes": {
    "CAISO": [
      -1.1,
      -0.5,
      -0.0,
      1.0,
      1.6,
      6.7,
      6.6,
      8.5,
      6.8,
      4.7,
      0.2,
      -0.8
    ],
    "ERCOT": [
      -3.4,
      -1.1,
      -0.0,
      1.0,
      3.9,
      4.8,
      4.4,
      5.7,
      5.2,
      4.3,
      -0.6,
      -2.9
    ],
    "ISONE": [
      -3.7,
      -3.9,
      -2.7,
      -1.6,
      2.2,
      4.1,
      9.6,
      9.2,
      4.8,
      -0.7,
      -0.8,
      -4.9
    ],
    "MISO": [
      -2.3,
      -2.1,
      -3.1,
      -0.4,
      2.1,
      4.3,
      3.2,
      3.1,
      4.4,
      0.6,
      -1.3,
      -3.4
    ],
    "NYISO": [
      -3.3,
      -3.6,
      -2.6,
      -1.1,
      2.0,
      3.3,
      8.1,
      6.6,
      4.1,
      0.1,
      -1.0,
      -4.3
    ],
    "PJM": [
      -1.9,
      -3.2,
      -3.6,
      -1.4,
      2.8,
      3.7,
      5.4,
      4.5,
      4.4,
      -0.2,
      -1.7,
      -3.5
    ],
    "SPP": [
      -2.9,
      -1.8,
      -3.6,
      -0.2,
      1.3,
      5.4,
      1.9,
      1.2,
      4.4,
      0.9,
      -1.8,
      -3.5
    ]
  },
  "baseline": {
    "CAISO": [
      22.612301814007917,
      22.42444705699345,
      22.30416232022646,
      22.275705877883905,
      22.819184721515345,
      24.669503758026053,
      26.99869227673093,
      26.81861899965096,
      25.780829795247296,
      23.266094888682996,
      22.222265530929665,
      22.551431077097963
    ],
    "ERCOT": [
      47.63730092956299,
      45.634318199920486,
      43.5951887702493,
      44.38498672771363,
      48.22972640655296,
      54.551519021280924,
      58.10570568091853,
      57.49919714506545,
      51.564950658976805,
      44.975899742616214,
      43.96572055979911,
      45.89048919293221
    ],
    "ISONE": [
      14.39179652202938,
      14.258954074607523,
      13.142270691671051,
      11.738980758116337,
      11.197331070211902,
      12.372753309727926,
      14.126307108662814,
      13.495926338108513,
      11.781997262880257,
      11.276202439500475,
      12.20242535556477,
      13.789235742258702
    ],
    "MISO": [
      77.90517381243673,
      76.489869300633,
      72.24249606184638,
      68.04357059721377,
      69.74579587165688,
      77.35873757668948,
      82.85810405397433,
      80.13782536162604,
      72.2812748292054,
      68.04351844695735,
      71.07473815969328,
      75.8833764844008
    ],
    "NYISO": [
      18.44819281620172,
      18.280612572798937,
      17.016540723012618,
      15.492676460733673,
      15.2860918928131,
      17.165582806377667,
      19.401884341715686,
      18.67702314782539,
      16.379656795210096,
      15.17955402237161,
      15.99208916086714,
      17.686282934698998
    ],
    "PJM": [
      96.39112195931298,
      95.47066778696735,
      89.97657007423388,
      81.33852354950494,
      80.65251270312154,
      90.9761515521913,
      99.31776225799861,
      95.79710155998558,
      85.16783146423806,
      79.70598664666204,
      86.62783336981701,
      94.2819875839818
    ],
    "SPP": [
      33.35175106513666,
      32.17646593745234,
      30.161135045339826,
      28.492758135204564,
      29.63231205017011,
      33.55509292969983,
      36.88587622329326,
      35.62947065057843,
      31.114930681075926,
      28.606799703704716,
      29.949399775278245,
      32.266589034296956
    ]
  },
  "current": {
    "CAISO": [
      22.36493832614003,
      22.31462199574046,
      22.298220869178333,
      22.50475992439562,
      23.173688721478257,
      26.328352919370637,
      28.7701308197299,
      29.09840596152502,
      27.544479805026178,
      24.35922588287891,
      22.270325687635626,
      22.374233456407044
    ],
    "ERCOT": [
      46.02337849660953,
      45.11231696516652,
      43.57880776390612,
      44.826847442065755,
      50.090798198301776,
      57.17142385272598,
      60.662153147719266,
      60.76869765809679,
      54.26360053655672,
      46.929874365294964,
      43.71671463110874,
      44.57120017557833
    ],
    "ISONE": [
      13.865176297603341,
      13.704209961168996,
      12.78233882165285,
      11.549788877150203,
      11.438165558107471,
      12.876492468625491,
      15.47893896725203,
      14.735096711598313,
      12.353111087509498,
      11.193818422448944,
      12.100744896724523,
      13.116228058256073
    ],
    "MISO": [
      76.12741394003186,
      74.89737176237544,
      70.02191166839255,
      67.74243538014912,
      71.17907378156733,
      80.69815989886725,
      85.54791327735438,
      82.62770726102794,
      75.4473198982752,
      68.45382040222067,
      70.12015654580712,
      73.33868327921941
    ],
    "NYISO": [
      17.841402616145768,
      17.616668593190486,
      16.565637187891177,
      15.318847617845496,
      15.59801592382189,
      17.725627530736027,
      20.966455845649126,
      19.90706521618359,
      17.05279842913407,
      15.196108499970062,
      15.83993963661737,
      16.92729036240407
    ],