{
  "rtos": [
    "CAISO",
    "ERCOT",
    "ISONE",
    "MISO",
    "NYISO",
    "PJM",
    "SPP"
  ],
  "months": [
    "Jan",
    "Feb",
    "Mar",
    "Apr",
    "May",
    "Jun",
    "Jul",
    "Aug",
    "Sep",
    "Oct",
    "Nov",
    "Dec"
  ],
  "absolute_changes": {
    "CAISO": [
      -0.2955846262666668,
      -0.280246560994172,
      -0.13457524536453747,
      0.11191860061999037,
      0.3745546958368564,
      1.9589272203479915,
      1.897180948580953,
      2.3509478087407913,
      1.6616938857862777,
      1.2776649338531314,
      -0.030425297473236412,
      -0.22014981265646938
    ],
    "ERCOT": [
      -1.9419002396466496,
      -0.5105615077001033,
      -0.07983984366364894,
      0.4591501159114344,
      1.9938729867571325,
      2.8964758427591732,
      2.8993162475647907,
      3.703770365003173,
      2.9345146146702348,
      2.0620279228256777,
      -0.31790311562163964,
      -1.4843295509076029
    ],
    "ISONE": [
      -0.5490748263405898,
      -0.5873151328330444,
      -0.38029683651296153,
      -0.18932374679234876,
      0.24410579336792004,
      0.48496045681469013,
      1.2702355345192888,
      1.1743782063595471,
      0.565468719426633,
      -0.07363749112570339,
      -0.10499763968808296,
      -0.7255884066158309
    ],
    "MISO": [
      -3.1298587142207026,
      -2.0979454441011853,
      -2.528883150727353,
      -0.3027609959244586,
      1.6489279510450814,
      3.8729499601515727,
      3.1699657941954342,
      2.9025245058091826,
      3.630783678440338,
      0.5082766318092666,
      -1.1054412792679784,
      -3.3638622615451226
    ],
    "NYISO": [
      -0.6059291893444474,
      -0.6768256925275047,
      -0.4745487955364709,
      -0.17462370018891882,
      0.33279569134987774,
      0.572244841441929,
      1.5525191928756286,
      1.2287635134956112,
      0.7039161987234408,
      0.03564477033686053,
      -0.15749294650198387,
      -0.7893278317110344
    ],
    "PJM": [
      -4.130615049044863,
      -4.983302490267121,
      -3.4969344556852775,
      -0.8988505478654361,
      2.246917415152822,
      3.4456793242006682,
      5.876078342493727,
      4.50919083537967,
      3.799953059474703,
      0.12803679741847418,
      -1.586482983124995,
      -5.488482253941413
    ],
    "SPP": [
      -1.5507642405706292,
      -0.5872086883322112,
      -1.1298080598816362,
      -0.03281955532837699,
      0.43223901167369405,
      1.987089873144349,
      0.7475045767779278,
      0.47555892966300917,
      1.5659835037006076,
      0.34179880887603886,
      -0.5462503523650675,
      -1.3974237185855536
    ]
  },
  "percent_changes": {
    "CAISO": [
      -1.3,
      -1.3,
      -0.6,
      0.5,
      1.7,
      8.0,
      7.0,
      8.7,
      6.4,
      5.6,
      -0.1,
      -1.0
    ],
    "ERCOT": [
      -3.8,
      -1.1,
      -0.2,
      1.0,
      3.9,
      5.0,
      4.7,
      6.1,
      5.4,
      4.3,
      -0.7,
      -3.0
    ],
    "ISONE": [
      -3.8,
      -4.1,
      -2.9,
      -1.6,
      2.2,
      3.9,
      9.0,
      8.7,
      4.8,
      -0.7,
      -0.9,
      -5.2
    ],
    "MISO": [
      -3.8,
      -2.7,
      -3.5,
      -0.4,
      2.3,
      4.9,
      3.7,
      3.5,
      4.9,
      0.7,
      -1.5,
      -4.3
    ],
    "NYISO": [
      -3.3,
      -3.7,
      -2.8,
      -1.1,
      2.2,
      3.3,
      7.9,
      6.5,
      4.3,
      0.2,
      -1.0,
      -4.4
    ],
    "PJM": [
      -4.0,
      -4.9,
      -3.8,
      -1.1,
      2.7,
      3.7,
      5.8,
      4.6,
      4.3,
      0.2,
      -1.8,
      -5.6
    ],
    "SPP": [
      -4.4,
      -1.8,
      -3.7,
      -0.1,
      1.4,
      5.6,
      1.9,
      1.3,
      4.8,
      1.2,
      -1.8,
      -4.2
    ]
  },
  "baseline": {
    "CAISO": [
      22.47275983722962,
      22.256664202589025,
      22.03919582973839,
      21.82708069160798,
      22.28391864860204,
      24.42563668180963,
      27.223209938746734,
      27.05981580850648,
      25.76307684247022,
      22.779486303383447,
      21.82498437707944,
      22.42170507470744
    ],
    "ERCOT": [
      51.033726011400184,
      48.57129509655428,
      46.19844118826851,
      46.912315639707295,
      50.950465717106674,
      57.768875731521725,
      61.68651892251618,
      61.020416515847295,
      54.5357606450042,
      47.5383616105946,
      46.614984221801585,
      48.82772392189618
    ],
    "ISONE": [
      14.523630661950026,
      14.383244565206263,
      13.199019591995658,
      11.716996647882091,
      11.198786180462246,
      12.376564999201861,
      14.063254937037657,
      13.462502075781488,
      11.791924625890982,
      11.266713568582691,
      12.203149594420063,
      13.897341268292823
    ],
    "MISO": [
      81.75017378196743,
      78.98362645430885,
      73.03485123020927,
      68.34671284399847,
      70.44734051870465,
      79.21203895795904,
      85.60937559336625,
      82.42445656509473,
      73.36748574514543,
      68.40938631634143,
      71.67474682651984,
      77.90403169081641
    ],
    "NYISO": [
      18.560951806187575,
      18.395795120419454,
      17.108880652411486,
      15.517262267761005,
      15.360480238971205,
      17.343312411485883,
      19.608694081031793,
      18.883712784221917,
      16.52328718822744,
      15.222073563870497,
      16.03552714604726,
      17.800815967011047
    ],
    "PJM": [
      103.167010521965,
      100.8717546471228,
      91.46690703698201,
      82.64042324373136,
      82.88645619970741,
      93.35632094164151,
      101.97189551303485,
      98.20568061932268,
      87.5001110086174,
      81.45902017027274,
      87.61304959985503,
      98.29293120288735
    ],
    "SPP": [
      34.99890496636984,
      33.17858637811016,
      30.79437330870447,
      29.251886908346716,
      30.80407244080499,
      35.23051521934641,
      38.874297594287526,
      37.507533955074656,
      32.49695890781222,
      29.44768129245585,
      30.531999100066166,
      33.233362033338636
    ]
  },
  "current": {
    "CAISO": [
      22.177175210962954,
      21.976417641594853,
      21.904620584373852,
      21.93899929222797,
      22.658473344438896,
      26.384563902157623,
      29.120390887327687,
      29.410763617247273,
      27.424770728256497,
      24.057151237236578,
      21.794559079606202,
      22.20155526205097
    ],
    "ERCOT": [
      49.091825771753534,
      48.06073358885418,
      46.11860134460486,
      47.37146575561873,
      52.94433870386381,
      60.6653515742809,
      64.58583517008097,
      64.72418688085047,
      57.47027525967444,
      49.60038953342028,
      46.297081106179945,
      47.34339437098858
    ],
    "ISONE": [
      13.974555835609436,
      13.79592943237322,
      12.818722755482696,
      11.527672901089742,
      11.442891973830166,
      12.861525456016551,
      15.333490471556946,
      14.636880282141036,
      12.357393345317615,
      11.193076077456988,
      12.09815195473198,
      13.171752861676993
    ],
    "MISO": [
      78.62031506774673,
      76.88568101020766,
      70.50596807948192,
      68.04395184807402,
      72.09626846974973,
      83.08498891811061,
      88.77934138756169,
      85.32698107090391,
      76.99826942358577,
      68.91766294815069,
      70.56930554725186,
      74.54016942927129
    ],
    "NYISO": [
      17.955022616843127,
      17.71896942789195,
      16.634331856875015,
      15.342638567572086,
      15.693275930321082,
      17.91555725292781,
      21.16121327390742,
      20.112476297717528,
      17.22720338695088,
      15.257718334207357,
      15.878034199545278,
      17.011488135300013
    ],