{
  "rtos": [
    "CAISO",
    "ERCOT",
    "ISONE",
    "MISO",
    "NYISO",
    "PJM",
    "SPP"
  ],
  "months": [
    "Jan",
    "Feb",
    "Mar",
    "Apr",
    "May",
    "Jun",
    "Jul",
    "Aug",
    "Sep",
    "Oct",
    "Nov",
    "Dec"
  ],
  "absolute_changes": {
    "CAISO": [
      -1.0427940255620136,
      -0.19790870921102766,
      -0.1568408588948813,
      0.256108945401504,
      0.437626752965496,
      1.7572512292331588,
      1.8385516332670022,
      2.3913922756719437,
      1.925473019128102,
      1.1994015688462625,
      -0.003829441554927371,
      -0.677867685075217
    ],
    "ERCOT": [
      -1.7608076466223181,
      -0.30574684972584976,
      -0.0010940972930768567,
      0.41769278881261585,
      1.9241958195535958,
      3.0614324311553744,
      3.274779126083658,
      4.18268318353558,
      2.9548378603402625,
      1.8872914638450027,
      -0.21535926034957953,
      -1.20068983673238
    ],
    "ISONE": [
      -0.4934464395364557,
      -0.556281097277207,
      -0.40582837189869103,
      -0.1969534774034969,
      0.2636827276397753,
      0.484618160138524,
      1.2161651973531953,
      1.1425402840264898,
      0.5907827454796326,
      -0.06298347930103709,
      -0.10951827733235042,
      -0.7027121578297315
    ],
    "MISO": [
      -3.2230870761669337,
      -2.2400869365147855,
      -2.7267302088689434,
      -0.2868012458495599,
      1.6899858107440764,
      3.71871176055582,
      2.954299447303569,
      2.7408378884299367,
      3.6386072523155093,
      0.5800327190383854,
      -1.1662312375073043,
      -3.649743469005216
    ],
    "NYISO": [
      -0.5849620127879582,
      -0.6610403330547925,
      -0.48301562059521785,
      -0.17734450230738474,
      0.33869273470066474,
      0.5730785238900289,
      1.5312968229435064,
      1.2168051844551897,
      0.7115931231050041,
      0.039978422427333626,
      -0.16078314676390626,
      -0.7847215890662618
    ],
    "PJM": [
      -4.2284289697932,
      -5.0056872852363625,
      -3.4034976412336135,
      -0.8930986117170789,
      2.194704628913243,
      3.453696188537023,
      6.02324119991502,
      4.580273734466019,
      3.7446359905133875,
      0.0946416367709162,
      -1.547476503140075,
      -5.454922434920576
    ],
    "SPP": [
      -1.542238200226926,
      -0.581898203101602,
      -1.122942528536882,
      -0.03355375207716449,
      0.4311939015384212,
      1.992745117237419,
      0.7501454515866328,
      0.47754286120922984,
      1.5643578766929025,
      0.3387531875088925,
      -0.5431602362407411,
      -1.3861382129608408
    ]
  },
  "percent_changes": {
    "CAISO": [
      -4.5,
      -0.9,
      -0.7,
      1.2,
      1.9,
      7.1,
      6.8,
      8.9,
      7.5,
      5.2,
      -0.0,
      -2.9
    ],
    "ERCOT": [
      -3.5,
      -0.6,
      -0.0,
      0.9,
      3.8,
      5.3,
      5.3,
      6.9,
      5.4,
      4.0,
      -0.5,
      -2.5
    ],
    "ISONE": [
      -3.4,
      -3.9,
      -3.1,
      -1.7,
      2.4,
      3.9,
      8.6,
      8.5,
      5.0,
      -0.6,
      -0.9,
      -5.1
    ],
    "MISO": [
      -3.9,
      -2.8,
      -3.7,
      -0.4,
      2.4,
      4.7,
      3.5,
      3.3,
      4.9,
      0.8,
      -1.6,
      -4.7
    ],
    "NYISO": [
      -3.2,
      -3.6,
      -2.8,
      -1.1,
      2.2,
      3.3,
      7.8,
      6.4,
      4.3,
      0.3,
      -1.0,
      -4.4
    ],
    "PJM": [
      -4.1,
      -5.0,
      -3.7,
      -1.1,
      2.6,
      3.7,
      5.9,
      4.7,
      4.3,
      0.1,
      -1.8,
      -5.6
    ],
    "SPP": [
      -4.4,
      -1.8,
      -3.6,
      -0.1,
      1.4,
      5.7,
      1.9,
      1.3,
      4.8,
      1.2,
      -1.8,
      -4.2
    ]
  },
  "baseline": {
    "CAISO": [
      23.31614638026589,
      22.452286154455287,
      22.131726884004124,
      21.923045094354155,
      22.528647682675416,
      24.59423062720625,
      27.04904648446954,
      26.85436057942424,
      25.787218144120292,
      23.062795729848332,
      21.91640344716894,
      23.00070295361554
    ],
    "ERCOT": [
      50.51525532975879,
      48.272831362427375,
      46.3194162343356,
      47.08120823796193,
      50.79897031925839,
      57.49690453758755,
      61.59950575680169,
      60.90864241125366,
      54.285669912161005,
      47.6643708056465,
      46.63893373075735,
      48.43699361193274
    ],
    "ISONE": [
      14.441270941136832,
      14.328016801130564,
      13.220029776864843,
      11.664857117317357,
      11.162899592414426,
      12.41438227540215,
      14.0987820690446,
      13.508254517607009,
      11.804147325711288,
      11.215842411618583,
      12.18115117959839,
      13.877545376165347
    ],
    "MISO": [
      82.1290463054202,
      79.36993685624967,
      73.03822679707777,
      68.15021625720449,
      70.56736878832704,
      79.3440806398089,
      85.44938471457534,
      82.45602450878765,
      73.5576868027109,
      68.2872305236562,
      71.59254098612419,
      78.25978698916764
    ],
    "NYISO": [
      18.529388569687317,
      18.37189698636907,
      17.116520169066387,
      15.498528777697533,
      15.349865891374803,
      17.35926745664675,
      19.61784184248008,
      18.89963686402702,
      16.53115383410123,
      15.20362061998816,
      16.02743769489826,
      17.797114749354606
    ],
    "PJM": [
      103.23662227859042,
      100.86974618127425,
      91.4179094635165,
      82.798337315912,
      82.91796224507843,
      93.22060534191955,
      101.89907060867932,
      98.05919029337075,
      87.41972917528918,
      81.61712833742232,
      87.65218722482652,
      98.2102842845978
    ],
    "SPP": [
      34.97707251364014,
      33.16522318827188,
      30.796841302909574,
      29.258766073828404,
      30.798697168450623,
      35.22365590554203,
      38.881807606143816,
      37.50750889506883,
      32.489540917906574,
      29.45251808731739,
      30.53637330085169,
      33.2193770555274
    ]
  },
  "current": {
    "CAISO": [
      22.273352354703878,
      22.25437744524426,
      21.974886025109242,
      22.17915403975566,
      22.966274435640912,
      26.35148185643941,
      28.88759811773654,
      29.245752855096185,
      27.712691163248394,
      24.262197298694595,
      21.91257400561401,
      22.322835268540324
    ],
    "ERCOT": [
      48.75444768313647,
      47.967084512701526,
      46.31832213704252,
      47.49890102677455,
      52.72316613881198,
      60.55833696874292,
      64.87428488288535,
      65.09132559478924,
      57.24050777250127,
      49.5516622694915,
      46.42357447040777,
      47.23630377520036
    ],
    "ISONE": [
      13.947824501600376,
      13.771735703853357,
      12.814201404966152,
      11.46790363991386,
      11.426582320054202,
      12.899000435540675,
      15.314947266397795,
      14.650794801633499,
      12.39493007119092,
      11.152858932317546,
      12.071632902266039,
      13.174833218335616
    ],
    "MISO": [
      78.90595922925327,
      77.12984991973488,
      70.31149658820883,
      67.86341501135493,
      72.25735459907112,
      83.06279240036471,
      88.40368416187891,
      85.19686239721759,
      77.19629405502641,
      68.86726324269459,
      70.42630974861689,
      74.61004352016242
    ],
    "NYISO": [
      17.94442655689936,
      17.710856653314277,
      16.63350454847117,
      15.321184275390149,
      15.688558626075467,
      17.93234598053678,
      21.149138665423585,
      20.11644204848221,
      17.242746957206233,
      15.243599042415493,
      15.866654548134354,
      17.012393160288344
    ],