{
  "rtos": [
    "CAISO",
    "ERCOT",
    "ISONE",
    "MISO",
    "NYISO",
    "PJM",
    "SPP"
  ],
  "months": [
    "Jan",
    "Feb",
    "Mar",
    "Apr",
    "May",
    "Jun",
    "Jul",
    "Aug",
    "Sep",
    "Oct",
    "Nov",
    "Dec"
  ],
  "absolute_changes": {
    "CAISO": [
      -1.1492810759589638,
      -0.209311175964622,
      -0.17143420230486228,
      0.2754999016265529,
      0.46487315780584026,
      1.7880831021097308,
      1.8234752113951664,
      2.365847133868737,
      1.9010465318870011,
      1.23357098048497,
      -0.004913240225143056,
      -0.7459487404731568
    ],
    "ERCOT": [
      -1.762534475061976,
      -0.34367017168738556,
      -0.049990274115970124,
      0.4039873906657476,
      1.906948033954265,
      3.058043812347762,
      3.2807450489631975,
      4.190151545220985,
      2.9411984608969277,
      1.857620640634181,
      -0.2492873590459581,
      -1.238032780354672
    ],
    "ISONE": [
      -0.46553175537602876,
      -0.5280289249798376,
      -0.38984944606672656,
      -0.18789552676666332,
      0.27509083441426974,
      0.49208615850473336,
      1.2284853999993786,
      1.156193620777282,
      0.6062531518460599,
      -0.04974130541148014,
      -0.10114946202687847,
      -0.6688109039301615
    ],
    "MISO": [
      -3.2332738920266735,
      -2.2585138122612847,
      -2.7588027728193936,
      -0.2931633186620388,
      1.6923894295974122,
      3.737398087990698,
      2.9722893752086605,
      2.7560381694286207,
      3.6505947222030954,
      0.5741547971136214,
      -1.1831368596055398,
      -3.677040484252302
    ],
    "NYISO": [
      -0.6046919758225542,
      -0.6812754683828075,
      -0.49224940509219905,
      -0.18038124036866776,
      0.3387217752171132,
      0.5739194414402284,
      1.5331292169046868,
      1.2185013594569618,
      0.7123107216408933,
      0.03774191499862667,
      -0.16409982455884808,
      -0.8053367033739036
    ],
    "PJM": [
      -4.266988715892666,
      -5.048239988615705,
      -3.429209342993275,
      -0.9021744674878533,
      2.1913520756276625,
      3.4524846168102954,
      6.023181501059312,
      4.580044212964836,
      3.7408297838185547,
      0.08404563311846402,
      -1.560556059084476,
      -5.499595735675442
    ],
    "SPP": [
      -1.545729119629911,
      -0.5989972233956777,
      -1.1541880432482685,
      -0.037693505114710035,
      0.4341206669207551,
      2.0223930127634304,
      0.7620711935995885,
      0.48511179013579664,
      1.5802056149162311,
      0.3382290063143536,
      -0.5595148076315333,
      -1.4064323303191273
    ]
  },
  "percent_changes": {
    "CAISO": [
      -4.7,
      -0.9,
      -0.7,
      1.2,
      2.0,
      6.9,
      6.4,
      8.4,
      7.0,
      5.1,
      -0.0,
      -3.1
    ],
    "ERCOT": [
      -3.5,
      -0.7,
      -0.1,
      0.9,
      3.8,
      5.3,
      5.3,
      6.9,
      5.4,
      3.9,
      -0.5,
      -2.5
    ],
    "ISONE": [
      -3.2,
      -3.7,
      -2.9,
      -1.6,
      2.4,
      3.9,
      8.5,
      8.3,
      5.0,
      -0.4,
      -0.8,
      -4.8
    ],
    "MISO": [
      -3.9,
      -2.8,
      -3.8,
      -0.4,
      2.4,
      4.7,
      3.5,
      3.3,
      5.0,
      0.8,
      -1.7,
      -4.7
    ],
    "NYISO": [
      -3.2,
      -3.7,
      -2.9,
      -1.2,
      2.2,
      3.3,
      7.8,
      6.4,
      4.3,
      0.2,
      -1.0,
      -4.5
    ],
    "PJM": [
      -4.1,
      -5.0,
      -3.8,
      -1.1,
      2.7,
      3.7,
      5.9,
      4.7,
      4.3,
      0.1,
      -1.8,
      -5.6
    ],
    "SPP": [
      -4.4,
      -1.8,
      -3.7,
      -0.1,
      1.4,
      5.7,
      1.9,
      1.3,
      4.8,
      1.1,
      -1.8,
      -4.2
    ]
  },
  "baseline": {
    "CAISO": [
      24.71375365965866,
      23.760499440778474,
      23.412304933075305,
      23.186675715118668,
      23.82714472717775,
      25.963770402046556,
      28.46478952874726,
      28.274054808724145,
      27.186743464415,
      24.390407066272346,
      23.18055688438144,
      24.36483486134136
    ],
    "ERCOT": [
      50.820588032472564,
      48.56613183341675,
      46.54106207936806,
      47.198919748191685,
      50.84281313887315,
      57.497812258888516,
      61.59436245082087,
      60.90453949940694,
      54.30376849753952,
      47.775213243150205,
      46.8794617144188,
      48.74431477687405
    ],
    "ISONE": [
      14.546450632954068,
      14.441051714516446,
      13.39080380766694,
      11.901332515426558,
      11.45281808267728,
      12.748833387722701,
      14.459062388725972,
      13.860898782124789,
      12.122375611834725,
      11.48503190508709,
      12.395496115137057,
      14.014463377784619
    ],
    "MISO": [
      82.26601792441832,
      79.50147855228921,
      73.12488560059218,
      68.15941232841769,
      70.54519916840216,
      79.34858936461703,
      85.48604529970792,
      82.4754896803956,
      73.54034339077108,
      68.28300373595125,
      71.66172294688083,
      78.38724564304653
    ],
    "NYISO": [
      18.612780484570326,
      18.449382327045363,
      17.15502218001008,
      15.505795848394992,
      15.346802816301583,
      17.357051056755328,
      19.618697914567363,
      18.899533710238092,
      16.52809834790065,
      15.20348291801878,
      16.044195142797616,
      17.855562077835664
    ],
    "PJM": [
      102.9320915178419,
      100.54304345133463,
      91.01038639010311,
      82.31853722500965,
      82.40282948991295,
      92.69183267865951,
      101.36812909120786,
      97.52847473046161,
      86.8956878322267,
      81.12239095006653,
      87.2154751115223,
      97.85877624212522
    ],
    "SPP": [
      35.25803576073438,
      33.44060191952264,
      31.02992074160509,
      29.424724989277884,
      30.947794999462424,
      35.420138278292484,
      39.13628455894975,
      37.738341752008175,
      32.654091319235526,
      29.612211807325355,
      30.765942274320974,
      33.498696552955906
    ]
  },
  "current": {
    "CAISO": [
      23.564472583699697,
      23.551188264813852,
      23.240870730770443,
      23.46217561674522,
      24.29201788498359,
      27.751853504156287,
      30.288264740142427,
      30.639901942592882,
      29.087789996302,
      25.623978046757315,
      23.175643644156295,
      23.618886120868204
    ],
    "ERCOT": [
      49.05805355741059,
      48.22246166172936,
      46.49107180525209,
      47.60290713885743,
      52.74976117282741,
      60.55585607123628,
      64.87510749978406,
      65.09469104462792,
      57.24496695843645,
      49.632833883784386,
      46.630174355372844,
      47.50628199651938
    ],
    "ISONE": [
      14.08091887757804,
      13.913022789536608,
      13.000954361600213,
      11.713436988659895,
      11.72790891709155,
      13.240919546227435,
      15.68754778872535,
      15.01709240290207,
      12.728628763680785,
      11.43529059967561,
      12.294346653110178,
      13.345652473854457
    ],
    "MISO": [
      79.03274403239165,
      77.24296474002793,
      70.36608282777279,
      67.86624900975565,
      72.23758859799958,
      83.08598745260772,
      88.45833467491659,
      85.23152784982422,
      77.19093811297418,
      68.85715853306488,
      70.47858608727529,
      74.71020515879422
    ],
    "NYISO": [
      18.008088508747772,
      17.768106858662556,
      16.66277277491788,
      15.325414608026325,
      15.685524591518696,
      17.930970498195556,
      21.15182713147205,
      20.118035069695054,
      17.240409069541542,
      15.241224833017407,
      15.880095318238768,
      17.05022537446176
    ],