{
    "ERCOT": {
        "breakpoints": [
            46.035,
            52.46099999019068,
            70.025
        ],
        "slopes": [
            1.6280506004617104,
            0.45870207296237153
        ],
        "intercepts": [
            -61.479046950123,
            -0.1338538604506958
        ]
    },
    "ISONE": {
        "breakpoints": [
            9.899000000000001,
            18.00552212989375,
            19.19
        ],
        "slopes": [
            2.3422809480793085,
            71.62121192544289
        ],
        "intercepts": [
            3.9922679593986174,
            -1243.4110568889027
        ]
    },
    "NYISO": {
        "breakpoints": [
            13.968571428571428,
            20.522654785806314,
            24.643333333333334
        ],
        "slopes": [
            0.5118870266731346,
            7.434253497426716
        ],
        "intercepts": [
            22.17690993134477,
            -119.88842744877138
        ]
    },
    "SPP": {
        "breakpoints": [
            28.341428571428573,
            28.34377075465014,
            43.958333333333336
        ],
        "slopes": [
            2376.8217526235317,
            0.5609112526583256
        ],
        "intercepts": [
            -67341.17392899751,
            11.018612070593266
        ]
    },
    "MISO": {
        "breakpoints": [
            64.805,
            94.1626975019377,
            97.625
        ],
        "slopes": [
            0.3246792427218865,
            5.296666660567971
        ],
        "intercepts": [
            2.2636644699778365,
            -465.91208274010336
        ]
    },
    "PJM": {
        "breakpoints": [
            75.922,
            112.76190274118467,
            125.5
        ],
        "slopes": [
            0.17714171542954524,
            2.8292199880548705
        ],
        "intercepts": [
            13.765396172207492,
            -285.28799606757843
        ]
    },
    "CAISO": {
        "breakpoints": [
            21.381428571428568,
            30.154405645698375,
            35.66
        ],
        "slopes": [
            2.544370432826445,
            4.653102332144907
        ],
        "intercepts": [
            -35.26857083883998,
            -98.85612792891285
        ]
    }
}