{
    "ERCOT": {
        "breakpoints": [
            41.46,
            62.61208996575198,
            70.588
        ],
        "slopes": [
            0.9521441743149955,
            13.281222027746754
        ],
        "intercepts": [
            -17.15578848160547,
            -789.1051202354349
        ]
    },
    "SPP": {
        "breakpoints": [
            26.271428571428572,
            42.064228112718716,
            45.584
        ],
        "slopes": [
            1.3227334613258037,
            9.546589745142438
        ],
        "intercepts": [
            -15.091580259295526,
            -361.0217469479736
        ]
    },
    "NYISO": {
        "breakpoints": [
            13.82,
            20.579992334267295,
            24.47
        ],
        "slopes": [
            1.8347996633126795,
            8.257151496928588
        ],
        "intercepts": [
            -4.47199003715312,
            -136.643941540936
        ]
    },
    "ISONE": {
        "breakpoints": [
            9.807,
            15.925538871429445,
            18.42
        ],
        "slopes": [
            2.510437888470324,
            20.354750129353356
        ],
        "intercepts": [
            -5.247500536810268,
            -289.42778876291726
        ]
    },
    "MISO": {
        "breakpoints": [
            61.74333333333333,
            89.92901580859531,
            102.9
        ],
        "slopes": [
            0.32429537431128413,
            1.8383815297925623
        ],
        "intercepts": [
            6.193485109075034,
            -129.96679270277613
        ]
    },
    "CAISO": {
        "breakpoints": [
            20.68166666666667,
            30.39991395981631,
            33.67333333333333
        ],
        "slopes": [
            3.4453037156716104,
            9.278083463702577
        ],
        "intercepts": [
            -45.66029931108582,
            -222.97630179778625
        ]
    },
    "PJM": {
        "breakpoints": [
            73.77583333333332,
            116.90112427321708,
            120.5
        ],
        "slopes": [
            0.3384005208774801,
            18.99374999373332
        ],
        "intercepts": [
            -1.0155471602506267,
            -2181.8468742468663
        ]
    }
}