{
    "ERCOT": {
        "breakpoints": [
            41.46,
            62.612090120824,
            70.588
        ],
        "slopes": [
            0.952144213223138,
            13.281222234174656
        ],
        "intercepts": [
            -17.15579032646664,
            -789.1051344809534
        ]
    },
    "SPP": {
        "breakpoints": [
            26.271428571428572,
            42.06422814386864,
            45.584
        ],
        "slopes": [
            1.3227334687451986,
            9.54658979971588
        ],
        "intercepts": [
            -15.091580487933928,
            -361.02174941628317
        ]
    },
    "NYISO": {
        "breakpoints": [
            13.82,
            20.579992342975878,
            24.47
        ],
        "slopes": [
            1.8347996682122476,
            8.257151507246622
        ],
        "intercepts": [
            -4.471990113840572,
            -136.64394178506504
        ]
    },
    "ISONE": {
        "breakpoints": [
            9.807,
            15.925538876057178,
            18.42
        ],
        "slopes": [
            2.510437893826469,
            20.354750159837643
        ],
        "intercepts": [
            -5.247500598203512,
            -289.42778930706845
        ]
    },
    "MISO": {
        "breakpoints": [
            61.74333333333333,
            89.92901666320905,
            102.9
        ],
        "slopes": [
            0.3242953870872526,
            1.8383816338937249
        ],
        "intercepts": [
            6.1934842173296865,
            -129.9668031012652
        ]
    },
    "CAISO": {
        "breakpoints": [
            20.68166666666667,
            30.399914009139735,
            33.67333333333333
        ],
        "slopes": [
            3.4453037359712857,
            9.278083517504706
        ],
        "intercepts": [
            -45.66029978706576,
            -222.97630357993063
        ]
    },
    "PJM": {
        "breakpoints": [
            73.77583333333332,
            116.90112428286194,
            120.5
        ],
        "slopes": [
            0.3384005231211968,
            18.99375002737859
        ],
        "intercepts": [
            -1.0155473529581762,
            -2181.8468782903783
        ]
    }
}