{
    "ERCOT": {
        "breakpoints": [
            46.035,
            52.46099999142739,
            70.025
        ],
        "slopes": [
            1.6280506002294148,
            0.4587020729493986
        ],
        "intercepts": [
            -61.479046939221774,
            -0.1338538596091965
        ]
    },
    "ISONE": {
        "breakpoints": [
            9.899000000000001,
            18.005522129382864,
            19.19
        ],
        "slopes": [
            2.3422809473414667,
            71.62121189380281
        ],
        "intercepts": [
            3.9922679683584725,
            -1243.4110562881385
        ]
    },
    "NYISO": {
        "breakpoints": [
            13.968571428571428,
            20.52265486581016,
            24.643333333333334
        ],
        "slopes": [
            0.5118870726965697,
            7.4342536021413785
        ],
        "intercepts": [
            22.176909207488688,
            -119.88842993094322
        ]
    },
    "SPP": {
        "breakpoints": [
            28.341428571428573,
            28.344276533839857,
            43.958333333333336
        ],
        "slopes": [
            1954.8136256387745,
            0.5609112526577722
        ],
        "intercepts": [
            -55380.86074149664,
            11.018612070619385
        ]
    },
    "MISO": {
        "breakpoints": [
            64.805,
            94.16269752688936,
            97.625
        ],
        "slopes": [
            0.32467924472451243,
            5.296666687123693
        ],
        "intercepts": [
            2.2636643229049973,
            -465.9120853232213
        ]
    },
    "PJM": {
        "breakpoints": [
            75.922,
            112.76190290122908,
            125.5
        ],
        "slopes": [
            0.1771417220955788,
            2.829220012776734
        ],
        "intercepts": [
            13.765395598624652,
            -285.2879991016214
        ]
    },
    "CAISO": {
        "breakpoints": [
            21.381428571428568,
            30.154405550272926,
            35.66
        ],
        "slopes": [
            2.544370414942282,
            4.653102311991482
        ],
        "intercepts": [
            -35.26857041567086,
            -98.85612723608881
        ]
    }
}