{
  "rtos": [
    "CAISO",
    "ERCOT",
    "ISONE",
    "MISO",
    "NYISO",
    "PJM",
    "SPP"
  ],
  "months": [
    "Jan",
    "Feb",
    "Mar",
    "Apr",
    "May",
    "Jun",
    "Jul",
    "Aug",
    "Sep",
    "Oct",
    "Nov",
    "Dec"
  ],
  "absolute_changes": {
    "CAISO": [
      -0.33029295015110094,
      -0.1230323836641638,
      -0.04343417481724998,
      0.1657497359728488,
      0.2952310180880424,
      1.4790543881537381,
      1.6450121052136986,
      2.135672819718163,
      1.6781937711745165,
      0.9595566767645352,
      0.020312197552119216,
      -0.22636555378372947
    ],
    "ERCOT": [
      -1.611186687897991,
      -0.524234853330384,
      -0.027812911243444205,
      0.43501344768468897,
      1.8418227338120872,
      2.602371540622215,
      2.546332984215084,
      3.2559376027504854,
      2.675587443823133,
      1.9300262956347822,
      -0.25559487541732295,
      -1.3199366377853465
    ],
    "ISONE": [
      -0.4888958303571549,
      -0.5166330238117318,
      -0.34018914942776846,
      -0.1837702705606361,
      0.23199322896435248,
      0.4975506301261383,
      1.351544743894829,
      1.2327939562027321,
      0.55678158310673,
      -0.08421317384212479,
      -0.09767681638505366,
      -0.6258221373565487
    ],
    "MISO": [
      -2.034634892093038,
      -1.720311937520961,
      -2.3463252634025906,
      -0.3178144575794022,
      1.3454246865496913,
      3.1867373407367126,
      2.572317863894469,
      2.3811917852536055,
      3.000115284613443,
      0.3489651488706471,
      -1.029328010681084,
      -2.763758955375053
    ],
    "NYISO": [
      -0.5868740712150675,
      -0.6357451404720855,
      -0.4346768812837887,
      -0.1804045525874951,
      0.3021427153255516,
      0.57501617982631,
      1.6684552188096298,
      1.2991301885994666,
      0.6712229992664156,
      -0.005559553430808606,
      -0.152609806455402,
      -0.7205985988638268
    ],
    "PJM": [
      -3.2101271249903363,
      -4.242311547766903,
      -3.5354073015152494,
      -1.1373689137626002,
      1.979814151204593,
      3.2284174850245364,
      5.625934993060966,
      4.300074222712354,
      3.435061313749202,
      -0.2538571616863976,
      -1.65086996058389,
      -4.7708934543811665
    ],
    "SPP": [
      -1.0470283048926206,
      -0.5470457543633636,
      -1.0515491372466101,
      -0.07715473028109088,
      0.3449178539780391,
      1.9173319202692483,
      0.7349024175055021,
      0.4762277461450637,
      1.3335855710514402,
      0.20645621383766866,
      -0.5248600317741676,
      -1.107365944672896
    ]
  },
  "percent_changes": {
    "CAISO": [
      -1.4,
      -0.5,
      -0.2,
      0.7,
      1.2,
      5.9,
      6.0,
      7.9,
      6.4,
      4.0,
      0.1,
      -1.0
    ],
    "ERCOT": [
      -3.4,
      -1.1,
      -0.1,
      1.0,
      3.8,
      4.8,
      4.4,
      5.7,
      5.2,
      4.3,
      -0.6,
      -2.9
    ],
    "ISONE": [
      -3.4,
      -3.6,
      -2.6,
      -1.5,
      2.0,
      4.0,
      9.5,
      9.0,
      4.6,
      -0.7,
      -0.8,
      -4.5
    ],
    "MISO": [
      -2.6,
      -2.2,
      -3.2,
      -0.5,
      1.9,
      4.1,
      3.1,
      3.0,
      4.2,
      0.5,
      -1.4,
      -3.6
    ],
    "NYISO": [
      -3.2,
      -3.5,
      -2.6,
      -1.2,
      2.0,
      3.4,
      8.6,
      7.0,
      4.1,
      -0.0,
      -1.0,
      -4.1
    ],
    "PJM": [
      -3.2,
      -4.3,
      -3.9,
      -1.4,
      2.5,
      3.6,
      5.8,
      4.6,
      4.1,
      -0.3,
      -1.9,
      -4.9
    ],
    "SPP": [
      -3.1,
      -1.7,
      -3.5,
      -0.3,
      1.2,
      5.8,
      2.0,
      1.3,
      4.3,
      0.7,
      -1.7,
      -3.4
    ]
  },
  "baseline": {
    "CAISO": [
      23.712074331538076,
      23.449953266166244,
      23.31138399782214,
      23.235862578547597,
      23.668001749629244,
      25.280028804258635,
      27.348758594830496,
      27.175400343206608,
      26.25945103057445,
      24.045628618307497,
      23.209406079298144,
      23.623174963220105
    ],
    "ERCOT": [
      47.649330291109415,
      45.6487716329751,
      43.60490754276698,
      44.36310654352737,
      48.156803375468506,
      54.41889076685149,
      57.948268584080246,
      57.34619815755212,
      51.45922672973644,
      44.947157878753934,
      43.9763833641255,
      45.90422305336316
    ],
    "ISONE": [
      14.442307832846147,
      14.320230204980248,
      13.282953383760127,
      11.955421261038246,
      11.41699538660759,
      12.55613790911972,
      14.289193204495515,
      13.663560705972722,
      11.980085630891564,
      11.499220816033496,
      12.395608352152417,
      13.881216678560964
    ],
    "MISO": [
      79.03278855835359,
      77.38810495125428,
      72.72881154569494,
      68.21310751750181,
      69.6333684280841,
      76.83505868570529,
      82.08570559652152,
      79.48445138881515,
      72.01470765120679,
      68.13893832183659,
      71.48392339016317,
      76.68872321041995
    ],
    "NYISO": [
      18.364010376315616,
      18.2013576328179,
      16.991602975595693,
      15.506362377339713,
      15.225582361991696,
      17.077146284174653,
      19.40098066928883,
      18.63605415373926,
      16.29112666395154,
      15.153947961518416,
      16.00188128687733,
      17.625675897617278
    ],
    "PJM": [
      100.12561163008,
      98.40566244554935,
      90.44134443324306,
      81.09161753039885,
      80.03693924641765,
      89.3685777118445,
      97.49256515438242,
      93.90118563531401,
      84.01597818892557,
      79.48830379971342,
      86.6174950875422,
      96.44526038321227
    ],
    "SPP": [
      33.46404453344441,
      32.21457778005455,
      30.22402287265383,
      28.476843110484058,
      29.31749691651577,
      33.16565816092176,
      36.78477524462928,
      35.37134470032608,
      30.738599285081744,
      28.537106616746392,
      30.021027889092622,
      32.279602747776764
    ]
  },
  "current": {
    "CAISO": [
      23.381781381386975,
      23.32692088250208,
      23.26794982300489,
      23.401612314520445,
      23.963232767717287,
      26.759083192412373,
      28.993770700044195,
      29.31107316292477,
      27.937644801748966,
      25.00518529507203,
      23.229718276850264,
      23.396809409436376
    ],
    "ERCOT": [
      46.038143603211424,
      45.124536779644714,
      43.577094631523536,
      44.79811999121206,
      49.99862610928059,
      57.021262307473705,
      60.49460156829533,
      60.6021357603026,
      54.134814173559576,
      46.87718417438872,
      43.72078848870818,
      44.584286415577814
    ],
    "ISONE": [
      13.953412002488992,
      13.803597181168517,
      12.942764234332358,
      11.77165099047761,
      11.648988615571943,
      13.053688539245858,
      15.640737948390344,
      14.896354662175455,
      12.536867213998294,
      11.415007642191371,
      12.297931535767363,
      13.255394541204415
    ],
    "MISO": [
      76.99815366626055,
      75.66779301373332,
      70.38248628229235,
      67.89529305992241,
      70.97879311463379,
      80.021796026442,
      84.65802346041599,
      81.86564317406875,
      75.01482293582023,
      68.48790347070724,
      70.45459537948209,
      73.9249642550449
    ],
    "NYISO": [
      17.777136305100548,
      17.565612492345814,
      16.556926094311905,
      15.325957824752217,
      15.527725077317248,
      17.652162464000963,
      21.06943588809846,
      19.935184342338726,
      16.962349663217957,
      15.148388408087607,
      15.84927148042193,
      16.90507729875345
    ],